datetime,open,high,low,close,volume
2024-08-22T00:00:00+00:00,38056.38,38714.1,37845.28,38066.26,370084.5761274602
2024-08-29T00:00:00+00:00,38066.26,39194.87,36221.14,36413.16,389015.93133763724
2024-09-05T00:00:00+00:00,36413.16,37135.65,35132.09,36836.71,535653.2683504341
2024-09-12T00:00:00+00:00,36836.71,37282.6,36002.29,37255.09,342869.92551361385
2024-09-19T00:00:00+00:00,37255.09,38817.16,37143.08,38560.37,312067.17585848074
2024-09-26T00:00:00+00:00,38560.37,40059.8,37412.82,39107.9,336391.3413068845
2024-10-03T00:00:00+00:00,39107.9,40001.06,38485.4,39762.07,285203.2952283746
2024-10-10T00:00:00+00:00,39762.07,40387.78,38945.28,39453.99,220957.19527293192
2024-10-17T00:00:00+00:00,39453.99,39523.49,37727.5,37907.81,220702.1212337315
2024-10-24T00:00:00+00:00,37907.81,39801.48,37306.77,39276.57,256775.5018421332
2024-10-31T00:00:00+00:00,39276.57,40210.97,38016.89,39865.94,362313
2024-11-07T00:00:00+00:00,39865.94,39970.95,38555.14,38938.5,329853
2024-11-14T00:00:00+00:00,38938.5,39217.81,37734.77,38317.76,358683
2024-11-21T00:00:00+00:00,38317.76,39085.73,37653.67,37916.44,344115
2024-11-28T00:00:00+00:00,37916.44,39786.31,37818.92,39651.04,238734.54660452978
2024-12-05T00:00:00+00:00,39651.04,40157.02,38953.29,39988.01,223312.63300928398
2024-12-12T00:00:00+00:00,39988.01,40169.99,38322.99,38393.01,247775.66587614958
2024-12-19T00:00:00+00:00,38393.01,39483.94,38378.01,39374.43,274946.1949728261
2024-12-26T00:00:00+00:00,39269,40546.58,39254,39553.89,216019.48405086546
2025-01-02T00:00:00+00:00,39644.5,40405.47,39294.89,39935.33,356269.23261674354
2025-01-09T00:00:00+00:00,39935.33,40015.35,38213.71,38830.12,331780.6921652923
2025-01-16T00:00:00+00:00,38830.12,40006.49,38136.68,39850.92,300779.5203550601
2025-01-23T00:00:00+00:00,39850.92,40670.02,38733.51,39331.19,362238.65446399344
2025-01-30T00:00:00+00:00,39331.19,39866.09,38413.11,38944.48,349539.1206801975
2025-02-06T00:00:00+00:00,38944.48,39278.02,38277.06,39230.52,240990.3937720993
2025-02-13T00:00:00+00:00,39230.52,39635.53,38783.46,38932.01,186680.36329378447
2025-02-20T00:00:00+00:00,38932.01,38979.01,37701.68,38280.52,389176.6406096725
2025-02-27T00:00:00+00:00,38280.52,38400.03,36265.06,37659.09,766410
2025-03-06T00:00:00+00:00,37659.09,37886.07,35966.54,37145,672096.993569519
2025-03-13T00:00:00+00:00,37145,38155.01,36549.99,37950,406590.22107524174
2025-03-20T00:00:00+00:00,37950,38299.99,37404.99,37767.51,223550.19705303852
2025-03-27T00:00:00+00:00,37767.51,37927.5,33482.89,33897.39,383196.0820635163
2025-04-03T00:00:00+00:00,33897.39,35326.09,30448.07,34908.58,1186426.666079554
2025-04-10T00:00:00+00:00,34908.58,35066.1,32573.58,34117.21,676421
2025-04-17T00:00:00+00:00,34117.21,35581.96,33928.3,35384.41,292919.4053559488
2025-04-24T00:00:00+00:00,35384.41,36392.05,34864.41,36267.06,344447.3750680548
2025-05-01T00:00:00+00:00,36267.06,37388.7,36109.55,36995.15,309476.4856432236
2025-05-08T00:00:00+00:00,36995.15,38831.79,36747.65,37813.03,290670.21929795906
2025-05-15T00:00:00+00:00,37813.03,38021.67,36833.7,36916.76,211986.1584099483
2025-05-22T00:00:00+00:00,36916.76,38425.1,36477.35,38180.09,211993.13637264294
2025-05-29T00:00:00+00:00,38180.09,38482.59,37282.04,37576.05,250301.09688520225
2025-06-05T00:00:00+00:00,37576.05,38727,37306.04,38290,237822.361143681
2025-06-12T00:00:00+00:00,38290,38969.99,37479.99,38830.01,237260.39773090289
2025-06-19T00:00:00+00:00,38830.01,39176,37957.99,39150.18,178147.06279904646
2025-06-26T00:00:00+00:00,39150.18,40949.15,39150.18,39875.23,194837.46833610258
2025-07-03T00:00:00+00:00,39875.23,40198.74,39412.06,39860.44,161196.3833593374
2025-07-10T00:00:00+00:00,39860.44,40001.12,39173.62,39474.16,174206.7998584855
2025-07-17T00:00:00+00:00,39474.16,41809.02,39396.66,41804.02,161866.6960376915
2025-07-24T00:00:00+00:00,41804.02,42126.52,40522.68,40773.27,168158.42954059487
2025-07-31T00:00:00+00:00,40773.27,41320.78,39773.67,40682.19,235566.42318568294
2025-08-07T00:00:00+00:00,40682.19,43507.67,40664.67,43105.01,208624.69955325907
2025-08-14T00:00:00+00:00,43105.01,43968.73,42552.5,42826.62,199644.4220504162
2025-08-21T00:00:00+00:00,42826.62,43226.39,42146.9,42354.97,175592.01533404467
2025-08-28T00:00:00+00:00,42354.97,43049.97,41709.46,42063.11,215573.9616800981
2025-09-04T00:00:00+00:00,42063.11,44190.79,42023.6,43916.99,218697.492149812
2025-09-11T00:00:00+00:00,43916.99,45099.5,43852.5,44977,159275.67936397163
2025-09-18T00:00:00+00:00,44977,45967.01,44504.99,45694.5,157171.352971399
2025-09-25T00:00:00+00:00,45694.5,45887.01,44398.77,44985.53,210787.0989038026
2025-10-02T00:00:00+00:00,44985.53,48754.75,44758.02,48246.3,246863.38149369427
2025-10-09T00:00:00+00:00,48246.3,48988.81,45806.74,48235.16,454769.1142744032
2025-10-16T00:00:00+00:00,48235.16,50062.9,47097.23,48745.6,416128.87489130144
2025-10-23T00:00:00+00:00,48745.6,51608.61,48503.11,51238.7,216320.9910927497
2025-10-30T00:00:00+00:00,51238.7,52720.83,49207.26,51205.94,418118.728662177
2025-11-06T00:00:00+00:00,51205.94,51584.32,49556.56,51038.06,405322.62856013764
2025-11-13T00:00:00+00:00,51038.06,51400.56,48310.32,50291,603608
2025-11-20T00:00:00+00:00,50291,50643.48,48058.79,50002.74,514576.47195555834
2025-11-27T00:00:00+00:00,50002.74,50417.76,49070.25,49917.28,203874.95966269326
2025-12-04T00:00:00+00:00,49917.28,51111.16,49912.77,50715,262846.85597679956
2025-12-11T00:00:00+00:00,50715,51130.01,48867.5,48894.99,330892.14244581934
2025-12-18T00:00:00+00:00,48894.99,50818.5,48727.99,50464.51,198603.91786562634
2025-12-25T00:00:00+00:00,50626.3,51226.3,50225.25,50358.24,71821.73708980074
2026-01-01T00:00:00+00:00,50618.3,52743.49,50600.8,51852.55,137546.31732955968
2026-01-08T00:00:00+00:00,51852.55,54630.24,51145.03,54043.34,233145.63309747915
2026-01-15T00:00:00+00:00,54043.34,54575.35,51926.2,53647.11,274072.0932859178
2026-01-22T00:00:00+00:00,53647.11,54216.62,52245.67,54091.74,246078.38533527817
2026-01-29T00:00:00+00:00,54091.74,55179.08,52468.73,54405.53,421119.4500032617
2026-02-05T00:00:00+00:00,54405.53,58602.56,53010.05,57909.48,452231.9103139014
2026-02-12T00:00:00+00:00,57909.48,58069.5,56172.62,57544.73,396378.1525118393
2026-02-19T00:00:00+00:00,57544.73,60089.05,56487.42,59315.63,300330.81785657303
2026-02-26T00:00:00+00:00,59315.63,59451.1,53601.43,56229.33,613926.4094911829
2026-03-05T00:00:00+00:00,56229.33,56628.83,51146.05,54120.51,762484.19273696
2026-03-12T00:00:00+00:00,54120.51,55281.59,52672.5,53527.81,358124.9735478648
2026-03-19T00:00:00+00:00,53527.81,54317.31,50532.79,53797.8,531951.7320337062
2026-03-26T00:00:00+00:00,53797.8,54582.22,50305.22,54122.7,487368.3805528269
2026-04-02T00:00:00+00:00,54122.7,57262.2,52079.71,56380.22,377525.69166851643
2026-04-09T00:00:00+00:00,56380.22,58826.95,55685.21,58577.64,240644.90135691417
2026-04-16T00:00:00+00:00,58577.64,60054.45,58286.4,59938.94,233929.52501587267
2026-04-23T00:00:00+00:00,59938.94,60930.52,58320.93,59162.17,368285.98344022286
2026-04-30T00:00:00+00:00,59162.17,62345.48,58807.19,61862.189999999995,315513.2446139038
2026-05-07T00:00:00+00:00,61862.189999999995,63807.43,61763.87,63708.89,378849.348280055
2026-05-14T00:00:00+00:00,63708.89,63843.39,59315.21,61361.23,587940.6956861173
2026-05-21T00:00:00+00:00,61361.23,66496.76,60991.75,64643.53,378719.70289308124
2026-05-28T00:00:00+00:00,64643.53,68778.02,63878.53,67612.1,409448.73362761724
2026-06-04T00:00:00+00:00,67612.1,67889.09,62475.5,62615.5,1036692.8686351797
2026-06-11T00:00:00+00:00,62615.5,70927.51,62330.51,70528,860227.5942127944
2026-06-18T00:00:00+00:00,70528,73719.99,68392.99,71407.99,901171.7972504132
2026-06-25T00:00:00+00:00,71407.99,72707.01,68182.38,69265.85999999999,1051374.6383342976
2026-07-02T00:00:00+00:00,69265.85999999999,70502.42,65423.31,67697.63999999998,953057.4380928547
2026-07-09T00:00:00+00:00,67697.63999999998,69482.89,66338.95,67418.35,669997.2086593244
2026-07-16T00:00:00+00:00,67418.35,67793.37000000001,62790.25,66651.62,776963.9366124878
2026-07-23T00:00:00+00:00,66651.62,67081.63,60521.9,61542.12,1163324.525912359
2026-07-30T00:00:00+00:00,61542.12,66816.61,61317.11,65553.94,921178.48896652
2026-08-06T00:00:00+00:00,65553.94,68933.96,64691.65,68378.34,508502.97183323035
2026-08-13T00:00:00+00:00,68378.34,69646.57,65156.77,66074.84,456122.828078644
2026-08-20T00:00:00+00:00,66074.84,67341.73,64613.5,67081.72,491796.683491467
2026-08-27T00:00:00+00:00,67081.72,67091.72,64226.51,64261.49,424238
